<?xml version="1.0" encoding="UTF-8"?>
<export version="D">
  <design>
    <source>/home/thomas/Documents/Doctoraat/TDstat/v3a/kicad/tdstatv3.sch</source>
    <date>Wed 25 Jan 2017 17:00:14 CET</date>
    <tool>Eeschema 4.0.5-e0-6337~49~ubuntu16.04.1</tool>
    <sheet number="1" name="/" tstamps="/">
      <title_block>
        <title>USB-controlled potentiostat/galvanostat (v3)</title>
        <company>CoCooN research group, Ghent University</company>
        <rev/>
        <date>2016-05-06</date>
        <source>tdstatv3.sch</source>
        <comment number="1" value="Thomas Dobbelaere"/>
        <comment number="2" value=""/>
        <comment number="3" value=""/>
        <comment number="4" value=""/>
      </title_block>
    </sheet>
  </design>
  <components>
    <comp ref="U1">
      <value>LM2662</value>
      <footprint>Housings_SOIC:SOIC-8_3.9x4.9mm_Pitch1.27mm</footprint>
      <libsource lib="mylib" part="LM2662"/>
      <sheetpath names="/" tstamps="/"/>
      <tstamp>572350BB</tstamp>
    </comp>
    <comp ref="C5">
      <value>10 µF</value>
      <footprint>Capacitors_SMD:C_1210</footprint>
      <libsource lib="device" part="CP_Small"/>
      <sheetpath names="/" tstamps="/"/>
      <tstamp>57235481</tstamp>
    </comp>
    <comp ref="C6">
      <value>10 µF</value>
      <footprint>Capacitors_SMD:C_1210</footprint>
      <libsource lib="device" part="CP_Small"/>
      <sheetpath names="/" tstamps="/"/>
      <tstamp>57235659</tstamp>
    </comp>
    <comp ref="C7">
      <value>10 µF</value>
      <footprint>Capacitors_SMD:C_1210</footprint>
      <libsource lib="device" part="CP_Small"/>
      <sheetpath names="/" tstamps="/"/>
      <tstamp>57235685</tstamp>
    </comp>
    <comp ref="C4">
      <value>10 µF</value>
      <footprint>Capacitors_SMD:C_1210</footprint>
      <libsource lib="device" part="CP_Small"/>
      <sheetpath names="/" tstamps="/"/>
      <tstamp>57235250</tstamp>
    </comp>
    <comp ref="D2">
      <value>BAT721S</value>
      <footprint>TO_SOT_Packages_SMD:SOT-23</footprint>
      <libsource lib="device" part="D_Schottky_x2_Serial_AKC"/>
      <sheetpath names="/" tstamps="/"/>
      <tstamp>57235857</tstamp>
    </comp>
    <comp ref="C3">
      <value>10 µF</value>
      <footprint>Capacitors_SMD:C_1210</footprint>
      <libsource lib="device" part="CP_Small"/>
      <sheetpath names="/" tstamps="/"/>
      <tstamp>572360E3</tstamp>
    </comp>
    <comp ref="D1">
      <value>BAT721S</value>
      <footprint>TO_SOT_Packages_SMD:SOT-23</footprint>
      <libsource lib="device" part="D_Schottky_x2_Serial_AKC"/>
      <sheetpath names="/" tstamps="/"/>
      <tstamp>5723611C</tstamp>
    </comp>
    <comp ref="C2">
      <value>10 µF</value>
      <footprint>Capacitors_SMD:C_1210</footprint>
      <libsource lib="device" part="CP_Small"/>
      <sheetpath names="/" tstamps="/"/>
      <tstamp>57236508</tstamp>
    </comp>
    <comp ref="U4">
      <value>MCP3550</value>
      <footprint>Housings_SOIC:SOIC-8_3.9x4.9mm_Pitch1.27mm</footprint>
      <libsource lib="mylib" part="MCP3550"/>
      <sheetpath names="/" tstamps="/"/>
      <tstamp>57274579</tstamp>
    </comp>
    <comp ref="U6">
      <value>DAC1220</value>
      <footprint>Housings_SSOP:SSOP-16_3.9x4.9mm_Pitch0.635mm</footprint>
      <libsource lib="mylib" part="DAC1220"/>
      <sheetpath names="/" tstamps="/"/>
      <tstamp>572745DC</tstamp>
    </comp>
    <comp ref="U3">
      <value>ADR421</value>
      <footprint>Housings_SOIC:SOIC-8_3.9x4.9mm_Pitch1.27mm</footprint>
      <libsource lib="mylib" part="ADR421"/>
      <sheetpath names="/" tstamps="/"/>
      <tstamp>5727464F</tstamp>
    </comp>
    <comp ref="U2">
      <value>PIC16F1459</value>
      <footprint>Housings_SOIC:SOIC-20W_7.5x12.8mm_Pitch1.27mm</footprint>
      <libsource lib="mylib" part="PIC16F1459"/>
      <sheetpath names="/" tstamps="/"/>
      <tstamp>57274FDD</tstamp>
    </comp>
    <comp ref="P1">
      <value>Mini USB</value>
      <footprint>Connect:USB_Mini-B</footprint>
      <libsource lib="conn" part="USB_OTG"/>
      <sheetpath names="/" tstamps="/"/>
      <tstamp>572758A8</tstamp>
    </comp>
    <comp ref="C11">
      <value>0.1 µF</value>
      <footprint>Capacitors_SMD:C_0805</footprint>
      <libsource lib="device" part="C_Small"/>
      <sheetpath names="/" tstamps="/"/>
      <tstamp>5727756E</tstamp>
    </comp>
    <comp ref="C12">
      <value>0.1 µF</value>
      <footprint>Capacitors_SMD:C_0805</footprint>
      <libsource lib="device" part="C_Small"/>
      <sheetpath names="/" tstamps="/"/>
      <tstamp>57277A39</tstamp>
    </comp>
    <comp ref="X1">
      <value>2.5 MHz</value>
      <footprint>Crystals:Crystal_HC49-U_Vertical</footprint>
      <libsource lib="device" part="Crystal_Small"/>
      <sheetpath names="/" tstamps="/"/>
      <tstamp>57278F4D</tstamp>
    </comp>
    <comp ref="C17">
      <value>12 pF</value>
      <footprint>Capacitors_SMD:C_0805</footprint>
      <libsource lib="device" part="C_Small"/>
      <sheetpath names="/" tstamps="/"/>
      <tstamp>57279268</tstamp>
    </comp>
    <comp ref="C18">
      <value>12 pF</value>
      <footprint>Capacitors_SMD:C_0805</footprint>
      <libsource lib="device" part="C_Small"/>
      <sheetpath names="/" tstamps="/"/>
      <tstamp>572792FD</tstamp>
    </comp>
    <comp ref="C21">
      <value>10 nF</value>
      <footprint>Capacitors_SMD:C_0805</footprint>
      <libsource lib="device" part="C_Small"/>
      <sheetpath names="/" tstamps="/"/>
      <tstamp>57279DEE</tstamp>
    </comp>
    <comp ref="C20">
      <value>3.3 nF</value>
      <footprint>Capacitors_SMD:C_0805</footprint>
      <libsource lib="device" part="C_Small"/>
      <sheetpath names="/" tstamps="/"/>
      <tstamp>5727A193</tstamp>
    </comp>
    <comp ref="C19">
      <value>10 µF</value>
      <footprint>Capacitors_SMD:C_1210</footprint>
      <libsource lib="device" part="C_Small"/>
      <sheetpath names="/" tstamps="/"/>
      <tstamp>5727AD69</tstamp>
    </comp>
    <comp ref="U7">
      <value>OPA4192</value>
      <footprint>Housings_SOIC:SOIC-14_3.9x8.7mm_Pitch1.27mm</footprint>
      <libsource lib="mylib" part="OPA4192"/>
      <sheetpath names="/" tstamps="/"/>
      <tstamp>572832F4</tstamp>
    </comp>
    <comp ref="C25">
      <value>0.1 µF</value>
      <footprint>Capacitors_SMD:C_0805</footprint>
      <libsource lib="device" part="C_Small"/>
      <sheetpath names="/" tstamps="/"/>
      <tstamp>57283E79</tstamp>
    </comp>
    <comp ref="R4">
      <value>27R</value>
      <footprint>Resistors_SMD:R_0805</footprint>
      <libsource lib="device" part="R_Small"/>
      <sheetpath names="/" tstamps="/"/>
      <tstamp>57283F4F</tstamp>
    </comp>
    <comp ref="C24">
      <value>4700 pF</value>
      <footprint>Capacitors_SMD:C_0805</footprint>
      <libsource lib="device" part="C_Small"/>
      <sheetpath names="/" tstamps="/"/>
      <tstamp>57284CD5</tstamp>
    </comp>
    <comp ref="R5">
      <value>10k</value>
      <footprint>Resistors_SMD:R_0805</footprint>
      <libsource lib="device" part="R_Small"/>
      <sheetpath names="/" tstamps="/"/>
      <tstamp>57284FE0</tstamp>
    </comp>
    <comp ref="K1">
      <value>9007-05-01</value>
      <footprint>my_footprints:RELAY-9007</footprint>
      <libsource lib="mylib" part="9007-05-01"/>
      <sheetpath names="/" tstamps="/"/>
      <tstamp>57286B3B</tstamp>
    </comp>
    <comp ref="R6">
      <value>240k*</value>
      <footprint>Resistors_SMD:R_0805</footprint>
      <libsource lib="device" part="R_Small"/>
      <sheetpath names="/" tstamps="/"/>
      <tstamp>57288F3D</tstamp>
    </comp>
    <comp ref="R8">
      <value>240k*</value>
      <footprint>Resistors_SMD:R_0805</footprint>
      <libsource lib="device" part="R_Small"/>
      <sheetpath names="/" tstamps="/"/>
      <tstamp>5728921C</tstamp>
    </comp>
    <comp ref="R7">
      <value>75k*</value>
      <footprint>Resistors_SMD:R_0805</footprint>
      <libsource lib="device" part="R_Small"/>
      <sheetpath names="/" tstamps="/"/>
      <tstamp>5728949E</tstamp>
    </comp>
    <comp ref="R9">
      <value>75k*</value>
      <footprint>Resistors_SMD:R_0805</footprint>
      <libsource lib="device" part="R_Small"/>
      <sheetpath names="/" tstamps="/"/>
      <tstamp>57289593</tstamp>
    </comp>
    <comp ref="U5">
      <value>MCP3550</value>
      <footprint>Housings_SOIC:SOIC-8_3.9x4.9mm_Pitch1.27mm</footprint>
      <libsource lib="mylib" part="MCP3550"/>
      <sheetpath names="/" tstamps="/"/>
      <tstamp>5728C273</tstamp>
    </comp>
    <comp ref="C27">
      <value>0.1 µF</value>
      <footprint>Capacitors_SMD:C_0805</footprint>
      <libsource lib="device" part="C_Small"/>
      <sheetpath names="/" tstamps="/"/>
      <tstamp>5728F28A</tstamp>
    </comp>
    <comp ref="C28">
      <value>0.1 µF</value>
      <footprint>Capacitors_SMD:C_0805</footprint>
      <libsource lib="device" part="C_Small"/>
      <sheetpath names="/" tstamps="/"/>
      <tstamp>5728F4D4</tstamp>
    </comp>
    <comp ref="C22">
      <value>0.1 µF</value>
      <footprint>Capacitors_SMD:C_0805</footprint>
      <libsource lib="device" part="C_Small"/>
      <sheetpath names="/" tstamps="/"/>
      <tstamp>57294247</tstamp>
    </comp>
    <comp ref="C23">
      <value>0.1 µF</value>
      <footprint>Capacitors_SMD:C_0805</footprint>
      <libsource lib="device" part="C_Small"/>
      <sheetpath names="/" tstamps="/"/>
      <tstamp>57294D88</tstamp>
    </comp>
    <comp ref="C10">
      <value>0.1 µF</value>
      <footprint>Capacitors_SMD:C_0805</footprint>
      <libsource lib="device" part="C_Small"/>
      <sheetpath names="/" tstamps="/"/>
      <tstamp>57297259</tstamp>
    </comp>
    <comp ref="C9">
      <value>0.1 µF</value>
      <footprint>Capacitors_SMD:C_0805</footprint>
      <libsource lib="device" part="C_Small"/>
      <sheetpath names="/" tstamps="/"/>
      <tstamp>57298AC8</tstamp>
    </comp>
    <comp ref="P3">
      <value>ICSP</value>
      <footprint>Pin_Headers:Pin_Header_Straight_1x06</footprint>
      <libsource lib="conn" part="CONN_01X06"/>
      <sheetpath names="/" tstamps="/"/>
      <tstamp>572A0B6C</tstamp>
    </comp>
    <comp ref="D3">
      <value>CELL ON LED</value>
      <footprint>LEDs:LED-3MM</footprint>
      <libsource lib="tdstatv3-cache" part="Led_Small"/>
      <sheetpath names="/" tstamps="/"/>
      <tstamp>572D3EEC</tstamp>
    </comp>
    <comp ref="D4">
      <value>MODE LED</value>
      <footprint>my_footprints:DUO-LED-3mm</footprint>
      <libsource lib="tdstatv3-cache" part="Led_x2"/>
      <sheetpath names="/" tstamps="/"/>
      <tstamp>572D419D</tstamp>
    </comp>
    <comp ref="R19">
      <value>1k</value>
      <footprint>Resistors_SMD:R_0805</footprint>
      <libsource lib="device" part="R_Small"/>
      <sheetpath names="/" tstamps="/"/>
      <tstamp>572D4C9B</tstamp>
    </comp>
    <comp ref="R20">
      <value>1k</value>
      <footprint>Resistors_SMD:R_0805</footprint>
      <libsource lib="device" part="R_Small"/>
      <sheetpath names="/" tstamps="/"/>
      <tstamp>572D51C0</tstamp>
    </comp>
    <comp ref="R21">
      <value>1k</value>
      <footprint>Resistors_SMD:R_0805</footprint>
      <libsource lib="device" part="R_Small"/>
      <sheetpath names="/" tstamps="/"/>
      <tstamp>572D52BA</tstamp>
    </comp>
    <comp ref="R10">
      <value>10R*</value>
      <footprint>Resistors_SMD:R_0805</footprint>
      <libsource lib="device" part="R_Small"/>
      <sheetpath names="/" tstamps="/"/>
      <tstamp>57A48E1B</tstamp>
    </comp>
    <comp ref="R11">
      <value>1k*</value>
      <footprint>Resistors_SMD:R_0805</footprint>
      <libsource lib="device" part="R_Small"/>
      <sheetpath names="/" tstamps="/"/>
      <tstamp>57A48F05</tstamp>
    </comp>
    <comp ref="R12">
      <value>100k*</value>
      <footprint>Resistors_SMD:R_0805</footprint>
      <libsource lib="device" part="R_Small"/>
      <sheetpath names="/" tstamps="/"/>
      <tstamp>57A4900A</tstamp>
    </comp>
    <comp ref="U8">
      <value>DG449</value>
      <footprint>my_footprints:sot23-8</footprint>
      <libsource lib="mylib" part="DG449"/>
      <sheetpath names="/" tstamps="/"/>
      <tstamp>57A5D3E6</tstamp>
    </comp>
    <comp ref="C14">
      <value>0.1 µF</value>
      <footprint>Capacitors_SMD:C_0805</footprint>
      <libsource lib="device" part="C_Small"/>
      <sheetpath names="/" tstamps="/"/>
      <tstamp>57A6C754</tstamp>
    </comp>
    <comp ref="C16">
      <value>0.1 µF</value>
      <footprint>Capacitors_SMD:C_0805</footprint>
      <libsource lib="device" part="C_Small"/>
      <sheetpath names="/" tstamps="/"/>
      <tstamp>57A6CD2F</tstamp>
    </comp>
    <comp ref="R2">
      <value>10k</value>
      <footprint>Resistors_SMD:R_0805</footprint>
      <libsource lib="device" part="R_Small"/>
      <sheetpath names="/" tstamps="/"/>
      <tstamp>57DA7DF7</tstamp>
    </comp>
    <comp ref="R3">
      <value>1k</value>
      <footprint>Resistors_SMD:R_0805</footprint>
      <libsource lib="device" part="R_Small"/>
      <sheetpath names="/" tstamps="/"/>
      <tstamp>57DA922F</tstamp>
    </comp>
    <comp ref="K2">
      <value>9007-05-01</value>
      <footprint>my_footprints:RELAY-9007</footprint>
      <libsource lib="mylib" part="9007-05-01"/>
      <sheetpath names="/" tstamps="/"/>
      <tstamp>57DAD133</tstamp>
    </comp>
    <comp ref="K3">
      <value>9007-05-01</value>
      <footprint>my_footprints:RELAY-9007</footprint>
      <libsource lib="mylib" part="9007-05-01"/>
      <sheetpath names="/" tstamps="/"/>
      <tstamp>57DAD327</tstamp>
    </comp>
    <comp ref="K4">
      <value>9007-05-01</value>
      <footprint>my_footprints:RELAY-9007</footprint>
      <libsource lib="mylib" part="9007-05-01"/>
      <sheetpath names="/" tstamps="/"/>
      <tstamp>57DAD424</tstamp>
    </comp>
    <comp ref="R14">
      <value>2k*</value>
      <footprint>Resistors_SMD:R_0805</footprint>
      <libsource lib="device" part="R_Small"/>
      <sheetpath names="/" tstamps="/"/>
      <tstamp>57DB0BA2</tstamp>
    </comp>
    <comp ref="R13">
      <value>18k*</value>
      <footprint>Resistors_SMD:R_0805</footprint>
      <libsource lib="device" part="R_Small"/>
      <sheetpath names="/" tstamps="/"/>
      <tstamp>57DB13D2</tstamp>
    </comp>
    <comp ref="R16">
      <value>75k*</value>
      <footprint>Resistors_SMD:R_0805</footprint>
      <libsource lib="device" part="R_Small"/>
      <sheetpath names="/" tstamps="/"/>
      <tstamp>57DB1BC4</tstamp>
    </comp>
    <comp ref="R15">
      <value>75k*</value>
      <footprint>Resistors_SMD:R_0805</footprint>
      <libsource lib="device" part="R_Small"/>
      <sheetpath names="/" tstamps="/"/>
      <tstamp>57DB1CDD</tstamp>
    </comp>
    <comp ref="R18">
      <value>75k*</value>
      <footprint>Resistors_SMD:R_0805</footprint>
      <libsource lib="device" part="R_Small"/>
      <sheetpath names="/" tstamps="/"/>
      <tstamp>57DB3A1F</tstamp>
    </comp>
    <comp ref="R17">
      <value>75k*</value>
      <footprint>Resistors_SMD:R_0805</footprint>
      <libsource lib="device" part="R_Small"/>
      <sheetpath names="/" tstamps="/"/>
      <tstamp>57DB3B50</tstamp>
    </comp>
    <comp ref="U9">
      <value>OPA2192</value>
      <footprint>Housings_SOIC:SOIC-8_3.9x4.9mm_Pitch1.27mm</footprint>
      <libsource lib="mylib" part="OPA2192"/>
      <sheetpath names="/" tstamps="/"/>
      <tstamp>57DCC8BB</tstamp>
    </comp>
    <comp ref="P2">
      <value>CELL</value>
      <footprint>my_footprints:TerminalBlock_Phoenix_MKDS1_5_3mm5</footprint>
      <libsource lib="conn" part="CONN_01X05"/>
      <sheetpath names="/" tstamps="/"/>
      <tstamp>57DD7F0E</tstamp>
    </comp>
    <comp ref="C1">
      <value>10 µF</value>
      <footprint>Capacitors_SMD:C_1210</footprint>
      <libsource lib="device" part="CP_Small"/>
      <sheetpath names="/" tstamps="/"/>
      <tstamp>57DFA238</tstamp>
    </comp>
    <comp ref="C8">
      <value>10 µF</value>
      <footprint>Capacitors_SMD:C_1210</footprint>
      <libsource lib="device" part="CP_Small"/>
      <sheetpath names="/" tstamps="/"/>
      <tstamp>57DFBFDC</tstamp>
    </comp>
    <comp ref="R1">
      <value>1k</value>
      <footprint>Resistors_SMD:R_0805</footprint>
      <libsource lib="device" part="R_Small"/>
      <sheetpath names="/" tstamps="/"/>
      <tstamp>58012CBD</tstamp>
    </comp>
    <comp ref="C15">
      <value>0.1 µF</value>
      <footprint>Capacitors_SMD:C_0805</footprint>
      <libsource lib="device" part="C_Small"/>
      <sheetpath names="/" tstamps="/"/>
      <tstamp>580131A2</tstamp>
    </comp>
    <comp ref="C13">
      <value>0.1 µF</value>
      <footprint>Capacitors_SMD:C_0805</footprint>
      <libsource lib="device" part="C_Small"/>
      <sheetpath names="/" tstamps="/"/>
      <tstamp>580138E8</tstamp>
    </comp>
    <comp ref="C29">
      <value>12 pF</value>
      <footprint>Capacitors_SMD:C_0805</footprint>
      <libsource lib="device" part="C_Small"/>
      <sheetpath names="/" tstamps="/"/>
      <tstamp>5806C287</tstamp>
    </comp>
    <comp ref="C26">
      <value>12 pF</value>
      <footprint>Capacitors_SMD:C_0805</footprint>
      <libsource lib="device" part="C_Small"/>
      <sheetpath names="/" tstamps="/"/>
      <tstamp>5806C8D8</tstamp>
    </comp>
  </components>
  <libparts>
    <libpart lib="mylib" part="9007-05-01">
      <fields>
        <field name="Reference">K</field>
        <field name="Value">9007-05-01</field>
      </fields>
      <pins>
        <pin num="1" name="1" type="passive"/>
        <pin num="2" name="+" type="passive"/>
        <pin num="3" name="3" type="passive"/>
        <pin num="4" name="4" type="passive"/>
      </pins>
    </libpart>
    <libpart lib="mylib" part="ADR421">
      <fields>
        <field name="Reference">U</field>
        <field name="Value">ADR421</field>
      </fields>
      <pins>
        <pin num="1" name="TP" type="NotConnected"/>
        <pin num="2" name="VIN" type="power_in"/>
        <pin num="3" name="NIC" type="NotConnected"/>
        <pin num="4" name="GND" type="power_in"/>
        <pin num="5" name="TRIM" type="input"/>
        <pin num="6" name="VOUT" type="output"/>
        <pin num="7" name="NIC" type="NotConnected"/>
        <pin num="8" name="TP" type="NotConnected"/>
      </pins>
    </libpart>
    <libpart lib="conn" part="CONN_01X05">
      <description>Connector, single row, 01x05</description>
      <footprints>
        <fp>Pin_Header_Straight_1X05</fp>
        <fp>Pin_Header_Angled_1X05</fp>
        <fp>Socket_Strip_Straight_1X05</fp>
        <fp>Socket_Strip_Angled_1X05</fp>
      </footprints>
      <fields>
        <field name="Reference">P</field>
        <field name="Value">CONN_01X05</field>
      </fields>
      <pins>
        <pin num="1" name="P1" type="passive"/>
        <pin num="2" name="P2" type="passive"/>
        <pin num="3" name="P3" type="passive"/>
        <pin num="4" name="P4" type="passive"/>
        <pin num="5" name="P5" type="passive"/>
      </pins>
    </libpart>
    <libpart lib="conn" part="CONN_01X06">
      <description>Connector, single row, 01x06</description>
      <footprints>
        <fp>Pin_Header_Straight_1X06</fp>
        <fp>Pin_Header_Angled_1X06</fp>
        <fp>Socket_Strip_Straight_1X06</fp>
        <fp>Socket_Strip_Angled_1X06</fp>
      </footprints>
      <fields>
        <field name="Reference">P</field>
        <field name="Value">CONN_01X06</field>
      </fields>
      <pins>
        <pin num="1" name="P1" type="passive"/>
        <pin num="2" name="P2" type="passive"/>
        <pin num="3" name="P3" type="passive"/>
        <pin num="4" name="P4" type="passive"/>
        <pin num="5" name="P5" type="passive"/>
        <pin num="6" name="P6" type="passive"/>
      </pins>
    </libpart>
    <libpart lib="device" part="CP_Small">
      <description>Polarised capacitor</description>
      <footprints>
        <fp>CP*</fp>
        <fp>C_Axial*</fp>
        <fp>C_Radial*</fp>
        <fp>TantalC*</fp>
        <fp>C*elec</fp>
        <fp>c_elec*</fp>
        <fp>SMD*_Pol</fp>
      </footprints>
      <fields>
        <field name="Reference">C</field>
        <field name="Value">CP_Small</field>
      </fields>
      <pins>
        <pin num="1" name="~" type="passive"/>
        <pin num="2" name="~" type="passive"/>
      </pins>
    </libpart>
    <libpart lib="device" part="C_Small">
      <description>Unpolarized capacitor</description>
      <footprints>
        <fp>C?</fp>
        <fp>C_????_*</fp>
        <fp>C_????</fp>
        <fp>SMD*_c</fp>
        <fp>Capacitor*</fp>
      </footprints>
      <fields>
        <field name="Reference">C</field>
        <field name="Value">C_Small</field>
      </fields>
      <pins>
        <pin num="1" name="~" type="passive"/>
        <pin num="2" name="~" type="passive"/>
      </pins>
    </libpart>
    <libpart lib="device" part="Crystal_Small">
      <description>Two pin crystal, small symbol</description>
      <footprints>
        <fp>Crystal*</fp>
      </footprints>
      <fields>
        <field name="Reference">Y</field>
        <field name="Value">Crystal_Small</field>
      </fields>
      <pins>
        <pin num="1" name="1" type="passive"/>
        <pin num="2" name="2" type="passive"/>
      </pins>
    </libpart>
    <libpart lib="mylib" part="DAC1220">
      <fields>
        <field name="Reference">U</field>
        <field name="Value">DAC1220</field>
      </fields>
      <pins>
        <pin num="1" name="DVDD" type="power_in"/>
        <pin num="2" name="XOUT" type="output"/>
        <pin num="3" name="XIN" type="input"/>
        <pin num="4" name="DGND" type="power_in"/>
        <pin num="5" name="AVDD" type="power_in"/>
        <pin num="6" name="DNC" type="NotConnected"/>
        <pin num="7" name="DNC" type="NotConnected"/>
        <pin num="8" name="DNC" type="NotConnected"/>
        <pin num="9" name="C1" type="passive"/>
        <pin num="10" name="C2" type="passive"/>
        <pin num="11" name="VOUT" type="output"/>
        <pin num="12" name="VREF" type="input"/>
        <pin num="13" name="AGND" type="power_in"/>
        <pin num="14" name="CS" type="input"/>
        <pin num="15" name="SDIO" type="BiDi"/>
        <pin num="16" name="SCLK" type="input"/>
      </pins>
    </libpart>
    <libpart lib="mylib" part="DG449">
      <fields>
        <field name="Reference">U</field>
        <field name="Value">DG449</field>
      </fields>
      <pins>
        <pin num="1" name="COM" type="passive"/>
        <pin num="2" name="NC" type="passive"/>
        <pin num="3" name="GND" type="power_in"/>
        <pin num="4" name="V+" type="power_in"/>
        <pin num="5" name="N/C" type="NotConnected"/>
        <pin num="6" name="IN" type="input"/>
        <pin num="7" name="V-" type="power_in"/>
        <pin num="8" name="NO" type="passive"/>
      </pins>
    </libpart>
    <libpart lib="device" part="D_Schottky_x2_Serial_AKC">
      <description>Dual schottky diode</description>
      <fields>
        <field name="Reference">D</field>
        <field name="Value">D_Schottky_x2_Serial_AKC</field>
      </fields>
      <pins>
        <pin num="1" name="A" type="passive"/>
        <pin num="2" name="K" type="passive"/>
        <pin num="3" name="common" type="passive"/>
      </pins>
    </libpart>
    <libpart lib="mylib" part="LM2662">
      <fields>
        <field name="Reference">U</field>
        <field name="Value">LM2662</field>
      </fields>
      <pins>
        <pin num="1" name="FC" type="input"/>
        <pin num="2" name="CAP+" type="passive"/>
        <pin num="3" name="GND" type="power_in"/>
        <pin num="4" name="CAP-" type="passive"/>
        <pin num="5" name="OUT" type="output"/>
        <pin num="6" name="LV" type="input"/>
        <pin num="7" name="OSC" type="input"/>
        <pin num="8" name="V+" type="power_in"/>
      </pins>
    </libpart>
    <libpart lib="tdstatv3-cache" part="Led_Small">
      <footprints>
        <fp>CP*</fp>
        <fp>SM*</fp>
      </footprints>
      <fields>
        <field name="Reference">D</field>
        <field name="Value">Led_Small</field>
      </fields>
      <pins>
        <pin num="1" name="K" type="passive"/>
        <pin num="2" name="A" type="passive"/>
      </pins>
    </libpart>
    <libpart lib="tdstatv3-cache" part="Led_x2">
      <fields>
        <field name="Reference">D</field>
        <field name="Value">Led_x2</field>
      </fields>
      <pins>
        <pin num="1" name="A1" type="input"/>
        <pin num="2" name="K" type="input"/>
        <pin num="3" name="A2" type="input"/>
      </pins>
    </libpart>
    <libpart lib="mylib" part="MCP3550">
      <fields>
        <field name="Reference">U</field>
        <field name="Value">MCP3550</field>
      </fields>
      <pins>
        <pin num="1" name="VREF" type="input"/>
        <pin num="2" name="VIN+" type="input"/>
        <pin num="3" name="VIN-" type="input"/>
        <pin num="4" name="VSS" type="power_in"/>
        <pin num="5" name="SCK" type="input"/>
        <pin num="6" name="SDO" type="output"/>
        <pin num="7" name="CS" type="input"/>
        <pin num="8" name="VDD" type="power_in"/>
      </pins>
    </libpart>
    <libpart lib="mylib" part="OPA2192">
      <fields>
        <field name="Reference">U</field>
        <field name="Value">OPA2192</field>
      </fields>
      <pins>
        <pin num="1" name="~" type="openCol"/>
        <pin num="2" name="-" type="input"/>
        <pin num="3" name="+" type="input"/>
        <pin num="4" name="V-" type="power_in"/>
        <pin num="5" name="+" type="input"/>
        <pin num="6" name="-" type="input"/>
        <pin num="7" name="~" type="openCol"/>
        <pin num="8" name="V+" type="power_in"/>
      </pins>
    </libpart>
    <libpart lib="mylib" part="OPA4192">
      <fields>
        <field name="Reference">U</field>
        <field name="Value">OPA4192</field>
      </fields>
      <pins>
        <pin num="1" name="~" type="output"/>
        <pin num="2" name="-" type="input"/>
        <pin num="3" name="+" type="input"/>
        <pin num="4" name="V+" type="power_in"/>
        <pin num="5" name="+" type="input"/>
        <pin num="6" name="-" type="input"/>
        <pin num="7" name="~" type="output"/>
        <pin num="8" name="~" type="output"/>
        <pin num="9" name="-" type="input"/>
        <pin num="10" name="+" type="input"/>
        <pin num="11" name="V-" type="power_in"/>
        <pin num="12" name="+" type="input"/>
        <pin num="13" name="-" type="input"/>
        <pin num="14" name="~" type="output"/>
      </pins>
    </libpart>
    <libpart lib="mylib" part="PIC16F1459">
      <fields>
        <field name="Reference">U</field>
        <field name="Value">PIC16F1459</field>
      </fields>
      <pins>
        <pin num="1" name="VDD" type="power_in"/>
        <pin num="2" name="RA5" type="BiDi"/>
        <pin num="3" name="RA4" type="BiDi"/>
        <pin num="4" name="/MCLR" type="input"/>
        <pin num="5" name="RC5" type="BiDi"/>
        <pin num="6" name="RC4" type="BiDi"/>
        <pin num="7" name="RC3" type="BiDi"/>
        <pin num="8" name="RC6" type="BiDi"/>
        <pin num="9" name="RC7" type="BiDi"/>
        <pin num="10" name="RB7" type="BiDi"/>
        <pin num="11" name="RB6" type="BiDi"/>
        <pin num="12" name="RB5" type="BiDi"/>
        <pin num="13" name="RB4" type="BiDi"/>
        <pin num="14" name="RC2" type="BiDi"/>
        <pin num="15" name="RC1" type="BiDi"/>
        <pin num="16" name="RC0" type="BiDi"/>
        <pin num="17" name="VUSB" type="power_out"/>
        <pin num="18" name="D-" type="BiDi"/>
        <pin num="19" name="D+" type="BiDi"/>
        <pin num="20" name="VSS" type="power_in"/>
      </pins>
    </libpart>
    <libpart lib="device" part="R_Small">
      <description>Resistor, small symbol</description>
      <footprints>
        <fp>Resistor_*</fp>
        <fp>R_*</fp>
      </footprints>
      <fields>
        <field name="Reference">R</field>
        <field name="Value">R_Small</field>
      </fields>
      <pins>
        <pin num="1" name="~" type="passive"/>
        <pin num="2" name="~" type="passive"/>
      </pins>
    </libpart>
    <libpart lib="conn" part="USB_OTG">
      <description>USB micro/mini connector</description>
      <footprints>
        <fp>USB*</fp>
      </footprints>
      <fields>
        <field name="Reference">P</field>
        <field name="Value">USB_OTG</field>
      </fields>
      <pins>
        <pin num="1" name="VBUS" type="power_out"/>
        <pin num="2" name="D-" type="passive"/>
        <pin num="3" name="D+" type="passive"/>
        <pin num="4" name="ID" type="power_in"/>
        <pin num="5" name="GND" type="power_in"/>
        <pin num="6" name="shield" type="passive"/>
      </pins>
    </libpart>
  </libparts>
  <libraries>
    <library logical="device">
      <uri>/usr/share/kicad/library/device.lib</uri>
    </library>
    <library logical="conn">
      <uri>/usr/share/kicad/library/conn.lib</uri>
    </library>
    <library logical="mylib">
      <uri>/home/thomas/Documents/Doctoraat/TDstat/v3a/kicad/mylib.lib</uri>
    </library>
    <library logical="tdstatv3-cache">
      <uri>/home/thomas/Documents/Doctoraat/TDstat/v3a/kicad/tdstatv3-cache.lib</uri>
    </library>
  </libraries>
  <nets>
    <net code="1" name="Net-(C20-Pad2)">
      <node ref="U7" pin="3"/>
      <node ref="U6" pin="11"/>
      <node ref="C20" pin="2"/>
    </net>
    <net code="2" name="Net-(C25-Pad1)">
      <node ref="R4" pin="2"/>
      <node ref="C25" pin="1"/>
    </net>
    <net code="3" name="Net-(C20-Pad1)">
      <node ref="U6" pin="10"/>
      <node ref="C20" pin="1"/>
    </net>
    <net code="4" name="Net-(C21-Pad1)">
      <node ref="C21" pin="1"/>
      <node ref="U6" pin="9"/>
    </net>
    <net code="5" name="Net-(C18-Pad1)">
      <node ref="U6" pin="3"/>
      <node ref="X1" pin="2"/>
      <node ref="C18" pin="1"/>
    </net>
    <net code="6" name="Net-(R6-Pad1)">
      <node ref="R6" pin="1"/>
      <node ref="U7" pin="6"/>
      <node ref="U7" pin="7"/>
    </net>
    <net code="7" name="Net-(R5-Pad2)">
      <node ref="R5" pin="2"/>
      <node ref="U8" pin="1"/>
    </net>
    <net code="8" name="Net-(C24-Pad2)">
      <node ref="U7" pin="2"/>
      <node ref="C24" pin="2"/>
      <node ref="R5" pin="1"/>
    </net>
    <net code="9" name="Net-(C24-Pad1)">
      <node ref="R4" pin="1"/>
      <node ref="C24" pin="1"/>
      <node ref="K1" pin="1"/>
      <node ref="U7" pin="1"/>
    </net>
    <net code="10" name="+5V">
      <node ref="C14" pin="1"/>
      <node ref="U6" pin="1"/>
      <node ref="C9" pin="1"/>
      <node ref="C16" pin="1"/>
      <node ref="R20" pin="2"/>
      <node ref="U6" pin="5"/>
      <node ref="U1" pin="8"/>
      <node ref="U4" pin="8"/>
      <node ref="U2" pin="1"/>
      <node ref="U3" pin="2"/>
      <node ref="C8" pin="1"/>
      <node ref="C11" pin="1"/>
      <node ref="P1" pin="1"/>
      <node ref="C1" pin="1"/>
      <node ref="C19" pin="1"/>
      <node ref="D1" pin="1"/>
      <node ref="P3" pin="2"/>
      <node ref="U1" pin="1"/>
      <node ref="U5" pin="8"/>
    </net>
    <net code="11" name="Net-(C3-Pad2)">
      <node ref="C3" pin="2"/>
      <node ref="C4" pin="1"/>
      <node ref="U1" pin="2"/>
    </net>
    <net code="12" name="Net-(C17-Pad1)">
      <node ref="C17" pin="1"/>
      <node ref="U6" pin="2"/>
      <node ref="X1" pin="1"/>
    </net>
    <net code="13" name="Net-(C26-Pad1)">
      <node ref="R8" pin="1"/>
      <node ref="R9" pin="2"/>
      <node ref="C26" pin="1"/>
      <node ref="U7" pin="9"/>
    </net>
    <net code="14" name="Net-(R6-Pad2)">
      <node ref="R6" pin="2"/>
      <node ref="U7" pin="10"/>
      <node ref="R7" pin="1"/>
    </net>
    <net code="15" name="/MODE_SW">
      <node ref="U8" pin="6"/>
      <node ref="U2" pin="2"/>
      <node ref="R21" pin="2"/>
    </net>
    <net code="16" name="GND">
      <node ref="C11" pin="2"/>
      <node ref="R2" pin="2"/>
      <node ref="C22" pin="1"/>
      <node ref="C23" pin="2"/>
      <node ref="C12" pin="2"/>
      <node ref="C16" pin="2"/>
      <node ref="C14" pin="2"/>
      <node ref="U8" pin="3"/>
      <node ref="K3" pin="4"/>
      <node ref="K3" pin="3"/>
      <node ref="K2" pin="4"/>
      <node ref="K2" pin="3"/>
      <node ref="C10" pin="2"/>
      <node ref="R18" pin="2"/>
      <node ref="K4" pin="3"/>
      <node ref="K1" pin="3"/>
      <node ref="U4" pin="4"/>
      <node ref="U2" pin="20"/>
      <node ref="C17" pin="2"/>
      <node ref="C18" pin="2"/>
      <node ref="U3" pin="4"/>
      <node ref="C19" pin="2"/>
      <node ref="C2" pin="2"/>
      <node ref="C7" pin="1"/>
      <node ref="C5" pin="1"/>
      <node ref="U1" pin="3"/>
      <node ref="U1" pin="6"/>
      <node ref="C9" pin="2"/>
      <node ref="P1" pin="5"/>
      <node ref="P1" pin="6"/>
      <node ref="P3" pin="3"/>
      <node ref="U5" pin="4"/>
      <node ref="C25" pin="2"/>
      <node ref="D4" pin="2"/>
      <node ref="D3" pin="1"/>
      <node ref="U6" pin="13"/>
      <node ref="C27" pin="1"/>
      <node ref="C28" pin="2"/>
      <node ref="U6" pin="4"/>
      <node ref="C8" pin="2"/>
      <node ref="C15" pin="2"/>
      <node ref="K4" pin="4"/>
      <node ref="C13" pin="2"/>
      <node ref="C1" pin="2"/>
      <node ref="P2" pin="5"/>
      <node ref="R14" pin="2"/>
    </net>
    <net code="17" name="Net-(C10-Pad1)">
      <node ref="U2" pin="17"/>
      <node ref="C10" pin="1"/>
    </net>
    <net code="18" name="/CELL_ON">
      <node ref="K1" pin="2"/>
      <node ref="R19" pin="2"/>
      <node ref="U2" pin="3"/>
    </net>
    <net code="19" name="Net-(D4-Pad3)">
      <node ref="R21" pin="1"/>
      <node ref="D4" pin="3"/>
    </net>
    <net code="20" name="Net-(D4-Pad1)">
      <node ref="D4" pin="1"/>
      <node ref="R20" pin="1"/>
    </net>
    <net code="21" name="Net-(D3-Pad2)">
      <node ref="D3" pin="2"/>
      <node ref="R19" pin="1"/>
    </net>
    <net code="22" name="/RE">
      <node ref="P2" pin="4"/>
      <node ref="U7" pin="12"/>
    </net>
    <net code="23" name="+9V">
      <node ref="U9" pin="8"/>
      <node ref="D1" pin="2"/>
      <node ref="C2" pin="1"/>
      <node ref="C22" pin="2"/>
      <node ref="C27" pin="2"/>
      <node ref="U8" pin="4"/>
      <node ref="U7" pin="4"/>
    </net>
    <net code="24" name="Net-(U2-Pad14)">
      <node ref="U2" pin="14"/>
    </net>
    <net code="25" name="Net-(U2-Pad7)">
      <node ref="U2" pin="7"/>
    </net>
    <net code="26" name="/SE">
      <node ref="P2" pin="2"/>
      <node ref="U7" pin="5"/>
    </net>
    <net code="27" name="/CE">
      <node ref="R10" pin="1"/>
      <node ref="R11" pin="1"/>
      <node ref="R12" pin="1"/>
      <node ref="U9" pin="3"/>
      <node ref="P2" pin="3"/>
    </net>
    <net code="28" name="-9V">
      <node ref="U8" pin="7"/>
      <node ref="C7" pin="2"/>
      <node ref="U7" pin="11"/>
      <node ref="C23" pin="1"/>
      <node ref="U9" pin="4"/>
      <node ref="D2" pin="1"/>
      <node ref="C28" pin="1"/>
    </net>
    <net code="29" name="Net-(C13-Pad1)">
      <node ref="R1" pin="2"/>
      <node ref="U4" pin="2"/>
      <node ref="C13" pin="1"/>
    </net>
    <net code="30" name="Net-(C15-Pad1)">
      <node ref="U5" pin="2"/>
      <node ref="C15" pin="1"/>
      <node ref="R3" pin="2"/>
    </net>
    <net code="31" name="Net-(R13-Pad2)">
      <node ref="R16" pin="1"/>
      <node ref="U9" pin="1"/>
      <node ref="R13" pin="2"/>
    </net>
    <net code="32" name="Net-(R13-Pad1)">
      <node ref="R13" pin="1"/>
      <node ref="U9" pin="2"/>
      <node ref="R14" pin="1"/>
    </net>
    <net code="33" name="/VREF">
      <node ref="R15" pin="1"/>
      <node ref="U5" pin="1"/>
      <node ref="R7" pin="2"/>
      <node ref="R2" pin="1"/>
      <node ref="U6" pin="12"/>
      <node ref="U5" pin="3"/>
      <node ref="C21" pin="2"/>
      <node ref="U4" pin="3"/>
      <node ref="U4" pin="1"/>
      <node ref="U3" pin="6"/>
      <node ref="C12" pin="1"/>
    </net>
    <net code="34" name="Net-(C6-Pad2)">
      <node ref="D2" pin="3"/>
      <node ref="C6" pin="2"/>
    </net>
    <net code="35" name="Net-(C5-Pad2)">
      <node ref="C5" pin="2"/>
      <node ref="D2" pin="2"/>
      <node ref="U1" pin="5"/>
    </net>
    <net code="36" name="Net-(C4-Pad2)">
      <node ref="U1" pin="4"/>
      <node ref="C6" pin="1"/>
      <node ref="C4" pin="2"/>
    </net>
    <net code="37" name="Net-(R15-Pad2)">
      <node ref="R16" pin="2"/>
      <node ref="R15" pin="2"/>
      <node ref="U9" pin="5"/>
    </net>
    <net code="38" name="Net-(R8-Pad2)">
      <node ref="U7" pin="14"/>
      <node ref="U7" pin="13"/>
      <node ref="R8" pin="2"/>
    </net>
    <net code="39" name="/WE">
      <node ref="P2" pin="1"/>
      <node ref="K1" pin="4"/>
    </net>
    <net code="40" name="Net-(C29-Pad1)">
      <node ref="U9" pin="6"/>
      <node ref="C29" pin="1"/>
      <node ref="R18" pin="1"/>
      <node ref="R17" pin="1"/>
    </net>
    <net code="41" name="Net-(U3-Pad5)">
      <node ref="U3" pin="5"/>
    </net>
    <net code="42" name="/ICSPCLK">
      <node ref="U2" pin="15"/>
      <node ref="P3" pin="5"/>
    </net>
    <net code="43" name="/ICSPDAT">
      <node ref="P3" pin="4"/>
      <node ref="U2" pin="16"/>
    </net>
    <net code="44" name="/USB_D-">
      <node ref="U2" pin="18"/>
      <node ref="P1" pin="2"/>
    </net>
    <net code="45" name="/USB_D+">
      <node ref="U2" pin="19"/>
      <node ref="P1" pin="3"/>
    </net>
    <net code="46" name="Net-(P1-Pad4)">
      <node ref="P1" pin="4"/>
    </net>
    <net code="47" name="Net-(C3-Pad1)">
      <node ref="D1" pin="3"/>
      <node ref="C3" pin="1"/>
    </net>
    <net code="48" name="Net-(U1-Pad7)">
      <node ref="U1" pin="7"/>
    </net>
    <net code="49" name="Net-(U3-Pad1)">
      <node ref="U3" pin="1"/>
    </net>
    <net code="50" name="Net-(U3-Pad3)">
      <node ref="U3" pin="3"/>
    </net>
    <net code="51" name="Net-(U3-Pad7)">
      <node ref="U3" pin="7"/>
    </net>
    <net code="52" name="Net-(U3-Pad8)">
      <node ref="U3" pin="8"/>
    </net>
    <net code="53" name="/SCK">
      <node ref="U5" pin="5"/>
      <node ref="U2" pin="12"/>
      <node ref="U4" pin="5"/>
      <node ref="U6" pin="16"/>
    </net>
    <net code="54" name="/MCLR">
      <node ref="P3" pin="1"/>
      <node ref="U2" pin="4"/>
    </net>
    <net code="55" name="/RANGE2">
      <node ref="K3" pin="2"/>
      <node ref="U2" pin="5"/>
    </net>
    <net code="56" name="/RANGE1">
      <node ref="U2" pin="6"/>
      <node ref="K2" pin="2"/>
    </net>
    <net code="57" name="/RANGE3">
      <node ref="U2" pin="8"/>
      <node ref="K4" pin="2"/>
    </net>
    <net code="58" name="/SDIO2">
      <node ref="U5" pin="6"/>
      <node ref="U2" pin="9"/>
    </net>
    <net code="59" name="Net-(U6-Pad6)">
      <node ref="U6" pin="6"/>
    </net>
    <net code="60" name="Net-(U6-Pad7)">
      <node ref="U6" pin="7"/>
    </net>
    <net code="61" name="Net-(U6-Pad8)">
      <node ref="U6" pin="8"/>
    </net>
    <net code="62" name="/CS1">
      <node ref="U6" pin="14"/>
      <node ref="U2" pin="11"/>
    </net>
    <net code="63" name="/SDIO">
      <node ref="U4" pin="6"/>
      <node ref="U6" pin="15"/>
      <node ref="U2" pin="13"/>
    </net>
    <net code="64" name="/I_MEAS">
      <node ref="U9" pin="7"/>
      <node ref="U8" pin="8"/>
      <node ref="R3" pin="1"/>
      <node ref="C29" pin="2"/>
      <node ref="R17" pin="2"/>
    </net>
    <net code="65" name="Net-(P3-Pad6)">
      <node ref="P3" pin="6"/>
    </net>
    <net code="66" name="Net-(K2-Pad1)">
      <node ref="R10" pin="2"/>
      <node ref="K2" pin="1"/>
    </net>
    <net code="67" name="Net-(K3-Pad1)">
      <node ref="K3" pin="1"/>
      <node ref="R11" pin="2"/>
    </net>
    <net code="68" name="Net-(K4-Pad1)">
      <node ref="K4" pin="1"/>
      <node ref="R12" pin="2"/>
    </net>
    <net code="69" name="Net-(U8-Pad5)">
      <node ref="U8" pin="5"/>
    </net>
    <net code="70" name="/CS2">
      <node ref="U4" pin="7"/>
      <node ref="U2" pin="10"/>
      <node ref="U5" pin="7"/>
    </net>
    <net code="71" name="/V_MEAS">
      <node ref="R9" pin="1"/>
      <node ref="R1" pin="1"/>
      <node ref="C26" pin="2"/>
      <node ref="U7" pin="8"/>
      <node ref="U8" pin="2"/>
    </net>
  </nets>
</export>
